<?xml version="1.0" encoding="UTF-8"?>
<project-private xmlns="http://www.netbeans.org/ns/project-private/1">
    <editor-bookmarks xmlns="http://www.netbeans.org/ns/editor-bookmarks/2" lastBookmarkId="0"/>
    <open-files xmlns="http://www.netbeans.org/ns/projectui-open-files/2">
        <group>
            <file>file:/home/marcel/NetBeansProjects/Exerc02_Geometria/src/exerc02_geometria/Exerc02_Geometria.java</file>
            <file>file:/home/marcel/NetBeansProjects/Exerc02_Geometria/src/dimensao/bidimensional/TrianguloRetangulo.java</file>
        </group>
    </open-files>
</project-private>
